Ref,Val,Package,PosX,PosY,Rot,Side
"J1","Conn_01x20","1x20_connector",-125.046481,-96.208669,180.000000,bottom
"J4","Conn_01x03","1x3_connector",-134.086481,-118.738669,-90.000000,bottom
"C1","47u","C_0402_1005Metric_Pad0.74x0.62mm_HandSolder",137.140000,-77.530000,180.000000,top
"C2","47u","C_0402_1005Metric_Pad0.74x0.62mm_HandSolder",137.360000,-84.130000,0.000000,top
"C3","1nF","C_0402_1005Metric_Pad0.74x0.62mm_HandSolder",139.300000,-84.707500,90.000000,top
"C4","100nF","C_0402_1005Metric_Pad0.74x0.62mm_HandSolder",127.856481,-101.038669,180.000000,top
"C5","100nF","C_0402_1005Metric_Pad0.74x0.62mm_HandSolder",127.290000,-99.040000,-90.000000,top
"C6","100nF","C_0402_1005Metric_Pad0.74x0.62mm_HandSolder",139.153981,-107.358669,0.000000,top
"C7","100nF","C_0402_1005Metric_Pad0.74x0.62mm_HandSolder",141.070000,-103.610000,90.000000,top
"C8","100nF","C_0402_1005Metric_Pad0.74x0.62mm_HandSolder",134.926481,-107.838669,-90.000000,top
"C9","100nF","C_0402_1005Metric_Pad0.74x0.62mm_HandSolder",137.126481,-107.898669,-90.000000,top
"C10","100nF","C_0402_1005Metric_Pad0.74x0.62mm_HandSolder",133.620000,-93.525000,90.000000,top
"C11","100nF","C_0402_1005Metric_Pad0.74x0.62mm_HandSolder",132.430000,-93.480000,90.000000,top
"C12","2.2uF","C_0402_1005Metric_Pad0.74x0.62mm_HandSolder",136.890000,-93.572500,90.000000,top
"C13","2.2uF","C_0402_1005Metric_Pad0.74x0.62mm_HandSolder",139.050000,-93.575000,90.000000,top
"C14","2.2uF","C_0402_1005Metric_Pad0.74x0.62mm_HandSolder",137.990000,-93.595000,90.000000,top
"C15","100nF","C_0402_1005Metric_Pad0.74x0.62mm_HandSolder",131.626481,-87.371169,90.000000,top
"C16","15pF","C_0402_1005Metric_Pad0.74x0.62mm_HandSolder",130.666481,-112.878669,90.000000,top
"C17","15pF","C_0402_1005Metric_Pad0.74x0.62mm_HandSolder",136.276481,-112.768669,-90.000000,top
"C18","2.2uF","C_0402_1005Metric_Pad0.74x0.62mm_HandSolder",129.812500,-95.278669,0.000000,top
"D1","~","SDO_SOD-123FL_ONS-M",140.010000,-76.100000,90.000000,top
"D2","LED","LED_0402_1005Metric_Pad0.77x0.64mm_HandSolder",129.287500,-75.670000,0.000000,top
"J2","Conn_01x20","1x20_connector",143.136481,-96.218669,0.000000,top
"J3","10118194-0001LF","AMPHENOL_10118194-0001LF_micro-B-USB_new",134.045812,-71.135000,180.000000,top
"L1","2u2","L_0402_1005Metric_Pad0.77x0.64mm_HandSolder",140.820000,-80.222500,-90.000000,top
"Q1","DMG1012T","SOT-523",140.570000,-87.235000,90.000000,top
"R1","10kOhm","R_0402_1005Metric_Pad0.72x0.64mm_HandSolder",140.542500,-101.550000,0.000000,top
"R2","100kOhm","R_0402_1005Metric_Pad0.72x0.64mm_HandSolder",137.140000,-76.380000,180.000000,top
"R3","470Ohm","R_0402_1005Metric_Pad0.72x0.64mm_HandSolder",131.186481,-77.638669,180.000000,top
"R5","200kOhm","R_0402_1005Metric_Pad0.72x0.64mm_HandSolder",141.090000,-84.727500,-90.000000,top
"R6","100kOhm","R_0402_1005Metric_Pad0.72x0.64mm_HandSolder",140.876481,-97.088669,90.000000,top
"R7","200Ohm","R_0402_1005Metric_Pad0.72x0.64mm_HandSolder",137.620000,-87.150000,90.000000,top
"R8","100kOhm","R_0402_1005Metric_Pad0.72x0.64mm_HandSolder",131.146481,-78.778669,180.000000,top
"R9","1kOhm","R_0402_1005Metric_Pad0.72x0.64mm_HandSolder",139.840000,-97.090000,90.000000,top
"R10","5.6kOhm","R_0402_1005Metric_Pad0.72x0.64mm_HandSolder",139.920000,-100.070000,180.000000,top
"R11","1KOhm","R_0402_1005Metric_Pad0.72x0.64mm_HandSolder",129.246481,-87.341169,-90.000000,top
"R12","27Ohm","R_0402_1005Metric_Pad0.72x0.64mm_HandSolder",134.720000,-94.312500,90.000000,top
"R13","27Ohm","R_0402_1005Metric_Pad0.72x0.64mm_HandSolder",135.800000,-94.332500,90.000000,top
"R14","1kOhm","R_0402_1005Metric_Pad0.72x0.64mm_HandSolder",136.138981,-109.648669,180.000000,top
"SW2","SW_SPST","SW_KMR621NGLFS",130.830000,-83.160000,90.000000,top
"U1","SC09147-RP2040","QFN-56-1EP_7x7mm_P0.4mm_EP3.2x3.2mm",134.046481,-100.358669,0.000000,top
"U2","~","10-WFDFN-EP_RIT-M",136.130000,-81.310000,180.000000,top
"U3","W25Q16JVUXIQ TR","USON-8_UX_2x3x0p6_WIN-M",130.049999,-91.411400,90.000000,top
"X1","Crystal_GND24","Crystal_SMD_2016-4Pin_2.0x1.6mm",133.646481,-112.658669,0.000000,top
