Reference,Value,Footprint,Qty,DNP,Digikey Part#,Digikey URL
"C1,C2",47u,Capacitor_SMD:C_0402_1005Metric_Pad0.74x0.62mm_HandSolder,2,,CL21A476MQYNNNE,https://www.digikey.in/en/products/detail/samsung-electro-mechanics/CL21A476MQYNNNE/3887510
C3,1nF,Capacitor_SMD:C_0402_1005Metric_Pad0.74x0.62mm_HandSolder,1,,1276-1490-1-ND,https://www.digikey.in/en/products/detail/samsung-electro-mechanics/CL05B102KA5NNWC/3887148
"C4,C5,C6,C7,C8,C9,C10,C11,C15",100nF,Capacitor_SMD:C_0402_1005Metric_Pad0.74x0.62mm_HandSolder,9,,311-3340-1-ND,https://www.digikey.in/en/products/detail/yageo/CC0402KRX5R5BB104/5883326
"C12,C13,C14,C18",2.2uF,Capacitor_SMD:C_0402_1005Metric_Pad0.74x0.62mm_HandSolder,4,,1276-1469-1-ND,https://www.digikey.in/en/products/detail/samsung-electro-mechanics/CL05A225MQ5NNNC/3887127
"C16,C17",15pF,Capacitor_SMD:C_0402_1005Metric_Pad0.74x0.62mm_HandSolder,2,,311-3746-1-ND,https://www.digikey.in/en/products/detail/yageo/CC0402JRNPO8BN150/5883268
D1,~,myLibrary:SDO_SOD-123FL_ONS-M,1,,MBR120VLSFT1GOSCT-ND,https://www.digikey.in/en/products/detail/onsemi/MBR120VLSFT1G/893861
D2,LED,LED_SMD:LED_0402_1005Metric_Pad0.77x0.64mm_HandSolder,1,,1516-QBLP595-AG15-2897CT-ND,https://www.digikey.in/en/products/detail/qt-brightek-qtb/QBLP595-AG15-2897/17049386
"J1,J2",Conn_01x20,myLibrary:1x20_connector,2,,,
J3,10118194-0001LF,myLibrary:AMPHENOL_10118194-0001LF_micro-B-USB_new,1,,609-4618-1-ND,https://www.digikey.in/en/products/detail/amphenol-cs-fci/10118194-0001LF/2785389
J4,Conn_01x03,myLibrary:1x3_connector,1,,,
L1,2u2,Inductor_SMD:L_0402_1005Metric_Pad0.77x0.64mm_HandSolder,1,,445-6381-1-ND,https://www.digikey.in/en/products/detail/tdk-corporation/MLZ1005M2R2WT000/2465140
Q1,DMG1012T,Package_TO_SOT_SMD:SOT-523,1,,DMG1012T-7DICT-ND,https://www.digikey.in/en/products/detail/diodes-incorporated/DMG1012T-7/2174582?s=N4IgTCBcDaICIFkDiBGADCsAVAtAdhAF0BfIA
R1,10kOhm,Resistor_SMD:R_0402_1005Metric_Pad0.72x0.64mm_HandSolder,1,,1276-3431-1-ND,https://www.digikey.in/en/products/detail/samsung-electro-mechanics/RC1005F103CS/3903439
"R2,R6,R8",100kOhm,Resistor_SMD:R_0402_1005Metric_Pad0.72x0.64mm_HandSolder,3,,311-100KLRCT-ND,https://www.digikey.in/en/products/detail/yageo/RC0402FR-07100KL/726526
R3,470Ohm,Resistor_SMD:R_0402_1005Metric_Pad0.72x0.64mm_HandSolder,1,,311-470LRCT-ND,https://www.digikey.in/en/products/detail/yageo/RC0402FR-07470RL/726619
R5,200kOhm,Resistor_SMD:R_0402_1005Metric_Pad0.72x0.64mm_HandSolder,1,,RMCF0402FT200KCT-ND,https://www.digikey.in/en/products/detail/stackpole-electronics-inc/RMCF0402FT200K/1714538
R7,200Ohm,Resistor_SMD:R_0402_1005Metric_Pad0.72x0.64mm_HandSolder,1,,P200LCT-ND,https://www.digikey.in/en/products/detail/panasonic-electronic-components/ERJ-2RKF2000X/192215
"R9,R14",1kOhm,Resistor_SMD:R_0402_1005Metric_Pad0.72x0.64mm_HandSolder,2,,541-4003-1-ND,https://www.digikey.in/en/products/detail/vishay-dale/CRCW04021R00FKEDC/7928425
R10,5.6kOhm,Resistor_SMD:R_0402_1005Metric_Pad0.72x0.64mm_HandSolder,1,,311-5.6KLRCT-ND,https://www.digikey.in/en/products/detail/yageo/RC0402FR-075K6L/2827590
R11,1KOhm,Resistor_SMD:R_0402_1005Metric_Pad0.72x0.64mm_HandSolder,1,,RMCF0402FT1K00CT-ND,https://www.digikey.in/en/products/detail/stackpole-electronics-inc/RMCF0402FT1K00/1761754
"R12,R13",27Ohm,Resistor_SMD:R_0402_1005Metric_Pad0.72x0.64mm_HandSolder,2,,YAG2554CT-ND,https://www.digikey.in/en/products/detail/yageo/RC0201FR-0727RL/5280414
SW2,SW_SPST,myLibrary:SW_KMR621NGLFS,1,,CKN10684CT-ND,https://www.digikey.in/en/products/detail/c-k/KMR621NG-LFS/6035350
U1,SC09147-RP2040,Package_DFN_QFN:QFN-56-1EP_7x7mm_P0.4mm_EP3.2x3.2mm,1,,2648-SC0914(7)CT-ND,https://www.digikey.in/en/products/detail/raspberry-pi/SC0914-7/14306009?s=N4IgTCBcDaIM4GMAMBOAjAFgOwgLoF8g
U2,,myLibrary:10-WFDFN-EP_RIT-M,1,,RT6150B-33GQWCT-ND,https://www.digikey.in/en/products/detail/richtek-usa-inc/RT6150B-33GQW/6676709?s=N4IgTCBcDaIEoBUBsBGArABgEIFoDMeA4gIoDqIAugL5A
U3,W25Q16JVUXIQ TR,myLibrary:USON-8_UX_2x3x0p6_WIN-M,1,,256-W25Q16JVUXIQTRCT-ND,https://www.digikey.in/en/products/detail/winbond-electronics/W25Q16JVUXIQ-TR/15182017?s=N4IgTCBcDaIOpgKwEUCMA2AUgNQKoA0BJZEAXQF8g
X1,Crystal_GND24,Crystal:Crystal_SMD_2016-4Pin_2.0x1.6mm,1,,283-E3X120101G03CT-ND,https://www.digikey.in/en/products/detail/eaton-electronics-division/E3X120101G03/25655839
