﻿Designator,Quantity,Value,Footprint,Package,MPN,DNP,Mount_Type,Description,Digikey Part#,Digikey URL,PARTREV,MANUFACTURER,MAXIMUM_PACKAGE_HEIGHT,STANDARD
"C1, C2",2,47u,C_0402_1005Metric_Pad0.74x0.62mm_HandSolder,,,,smt,Unpolarized capacitor,CL21A476MQYNNNE,https://www.digikey.in/en/products/detail/samsung-electro-mechanics/CL21A476MQYNNNE/3887510,,,,
"C10, C11, C15, C4, C5, C6, C7, C8, C9",9,100nF,C_0402_1005Metric_Pad0.74x0.62mm_HandSolder,,,,smt,Unpolarized capacitor,311-3340-1-ND,https://www.digikey.in/en/products/detail/yageo/CC0402KRX5R5BB104/5883326,,,,
"C12, C13, C14, C18",4,2.2uF,C_0402_1005Metric_Pad0.74x0.62mm_HandSolder,,,,smt,Unpolarized capacitor,1276-1469-1-ND,https://www.digikey.in/en/products/detail/samsung-electro-mechanics/CL05A225MQ5NNNC/3887127,,,,
"C16, C17",2,15pF,C_0402_1005Metric_Pad0.74x0.62mm_HandSolder,,,,smt,Unpolarized capacitor,311-3746-1-ND,https://www.digikey.in/en/products/detail/yageo/CC0402JRNPO8BN150/5883268,,,,
C3,1,1nF,C_0402_1005Metric_Pad0.74x0.62mm_HandSolder,,,,smt,Unpolarized capacitor,1276-1490-1-ND,https://www.digikey.in/en/products/detail/samsung-electro-mechanics/CL05B102KA5NNWC/3887148,,,,
D1,1,~,SDO_SOD-123FL_ONS-M,,,,smt,,MBR120VLSFT1GOSCT-ND,https://www.digikey.in/en/products/detail/onsemi/MBR120VLSFT1G/893861,,,,
D2,1,LED,LED_0402_1005Metric_Pad0.77x0.64mm_HandSolder,,,,smt,Light emitting diode,1516-QBLP595-AG15-2897CT-ND,https://www.digikey.in/en/products/detail/qt-brightek-qtb/QBLP595-AG15-2897/17049386,,,,
"J1, J2",2,Conn_01x20,1x20_connector,,,,tht,,,,,,,
J3,1,10118194-0001LF,AMPHENOL_10118194-0001LF_micro-B-USB_new,,,,smt,,609-4618-1-ND,https://www.digikey.in/en/products/detail/amphenol-cs-fci/10118194-0001LF/2785389,D,Amphenol,2.66mm,Manufacturer Recommendations
J4,1,Conn_01x03,1x3_connector,,,,tht,,,,,,,
L1,1,2u2,L_0402_1005Metric_Pad0.77x0.64mm_HandSolder,,,,smt,Inductor,445-6381-1-ND,https://www.digikey.in/en/products/detail/tdk-corporation/MLZ1005M2R2WT000/2465140,,,,
Q1,1,DMG1012T,SOT-523,,,,smt,"20V Vds, 0.63 Id, N-Channel MOSFET with ESD protection, SOT-523",DMG1012T-7DICT-ND,https://www.digikey.in/en/products/detail/diodes-incorporated/DMG1012T-7/2174582?s=N4IgTCBcDaICIFkDiBGADCsAVAtAdhAF0BfIA,,,,
R1,1,10kOhm,R_0402_1005Metric_Pad0.72x0.64mm_HandSolder,,,,smt,Resistor,1276-3431-1-ND,https://www.digikey.in/en/products/detail/samsung-electro-mechanics/RC1005F103CS/3903439,,,,
R10,1,5.6kOhm,R_0402_1005Metric_Pad0.72x0.64mm_HandSolder,,,,smt,Resistor,311-5.6KLRCT-ND,https://www.digikey.in/en/products/detail/yageo/RC0402FR-075K6L/2827590,,,,
R11,1,1KOhm,R_0402_1005Metric_Pad0.72x0.64mm_HandSolder,,,,smt,Resistor,RMCF0402FT1K00CT-ND,https://www.digikey.in/en/products/detail/stackpole-electronics-inc/RMCF0402FT1K00/1761754,,,,
"R12, R13",2,27Ohm,R_0402_1005Metric_Pad0.72x0.64mm_HandSolder,,,,smt,Resistor,YAG2554CT-ND,https://www.digikey.in/en/products/detail/yageo/RC0201FR-0727RL/5280414,,,,
"R14, R9",2,1kOhm,R_0402_1005Metric_Pad0.72x0.64mm_HandSolder,,,,smt,Resistor,[R14]RMCF0402FT1K00CT-ND; [R9]541-4003-1-ND,[R14]https://www.digikey.in/en/products/detail/stackpole-electronics-inc/RMCF0402FT1K00/1761754; [R9]https://www.digikey.in/en/products/detail/vishay-dale/CRCW04021R00FKEDC/7928425,,,,
"R2, R6, R8",3,100kOhm,R_0402_1005Metric_Pad0.72x0.64mm_HandSolder,,,,smt,Resistor,311-100KLRCT-ND,https://www.digikey.in/en/products/detail/yageo/RC0402FR-07100KL/726526,,,,
R3,1,470Ohm,R_0402_1005Metric_Pad0.72x0.64mm_HandSolder,,,,smt,Resistor,311-470LRCT-ND,https://www.digikey.in/en/products/detail/yageo/RC0402FR-07470RL/726619,,,,
R5,1,200kOhm,R_0402_1005Metric_Pad0.72x0.64mm_HandSolder,,,,smt,Resistor,RMCF0402FT200KCT-ND,https://www.digikey.in/en/products/detail/stackpole-electronics-inc/RMCF0402FT200K/1714538,,,,
R7,1,200Ohm,R_0402_1005Metric_Pad0.72x0.64mm_HandSolder,,,,smt,Resistor,P200LCT-ND,https://www.digikey.in/en/products/detail/panasonic-electronic-components/ERJ-2RKF2000X/192215,,,,
SW2,1,SW_SPST,SW_KMR621NGLFS,,,,smt,Single Pole Single Throw (SPST) switch,CKN10684CT-ND,https://www.digikey.in/en/products/detail/c-k/KMR621NG-LFS/6035350,,,,
U1,1,SC09147-RP2040,QFN-56-1EP_7x7mm_P0.4mm_EP3.2x3.2mm,,,,smt,,2648-SC0914(7)CT-ND,https://www.digikey.in/en/products/detail/raspberry-pi/SC0914-7/14306009?s=N4IgTCBcDaIM4GMAMBOAjAFgOwgLoF8g,,,,
U2,1,~,10-WFDFN-EP_RIT-M,,,,smt,,RT6150B-33GQWCT-ND,https://www.digikey.in/en/products/detail/richtek-usa-inc/RT6150B-33GQW/6676709?s=N4IgTCBcDaIEoBUBsBGArABgEIFoDMeA4gIoDqIAugL5A,,,,
U3,1,W25Q16JVUXIQ TR,USON-8_UX_2x3x0p6_WIN-M,,,,smt,,256-W25Q16JVUXIQTRCT-ND,https://www.digikey.in/en/products/detail/winbond-electronics/W25Q16JVUXIQ-TR/15182017?s=N4IgTCBcDaIOpgKwEUCMA2AUgNQKoA0BJZEAXQF8g,,,,
X1,1,Crystal_GND24,Crystal_SMD_2016-4Pin_2.0x1.6mm,,,,smt,"Four pin crystal, GND on pins 2 and 4",283-E3X120101G03CT-ND,https://www.digikey.in/en/products/detail/eaton-electronics-division/E3X120101G03/25655839,,,,
